sim_idx,converged,gen_beta,matlab_beta,gen_lam,matlab_lam,gen_gamma,matlab_gamma,gen_alpha,matlab_alpha,gen_kappa,matlab_kappa,our_beta,our_lam,our_gamma,our_alpha,our_kappa
0,True,2.2417255383238635,2.3790956863340043,3.43067113563108e-07,,1.590834332715171,,1.0,0.8684697793349178,0.0,0.0,0.01,0.1,0.01,0.0001,4
1,True,2.4001255245666564,2.18372880878161,0.1924248722782424,,6.860803118671561,,0.6792028267724519,0.7549524297873325,0.0,0.0,0.01,0.1,8.55009145648574,0.0001,4
2,True,2.3282585227037416,2.2879117248378997,0.36351546807090473,,0.23777680712129468,,0.3981119794066902,0.4262688349918522,0.0,0.0,8.06896315821863,0.4945584751263074,2.0,0.003981638190961756,1
3,True,2.829345035159296,2.7081669790454357,0.3803371069313866,,0.31964491467257,,0.7052948321026663,0.7947462795988596,0.0,0.0,6.032078374603154,0.1,3.2031809035952,0.00477443006224385,1
4,True,2.687187094467849,2.703620922313503,0.00010000526225616115,,0.3125951575803118,,0.795505045598826,0.7750378815608302,0.0,0.0,0.01,0.1,0.01,0.0001,4
5,True,2.170234578801411,2.149535453600354,0.018523047480433912,,1.0016749722118967,,1.0,0.9062246350747979,0.0,0.0,0.01,0.1,0.01,0.0001,4
6,True,2.147112405988379,2.1706825431488053,4.3351377949914345e-10,,1.1479126604699599,,0.6833218243783534,0.5346220725273452,0.0,0.0,0.01,0.1,0.01,0.0001,4
7,True,2.1558699380887756,2.3336702596672665,0.10203835150002982,,1.9289133507545393,,1.0,0.9999999942704496,0.0,0.0,1.3968591524297274,0.1,15.971377994614057,0.02332150133457436,4
8,True,2.977113246769746,2.6945968556458895,9.094471648520185e-05,,0.35252472838993076,,0.7663186421913827,0.7196347612866789,0.0,0.0,0.01,0.1,5.863742921917128,0.0001,4
9,True,2.7557329144037097,3.1855699351447213,0.542133683752227,,0.4500577998164543,,0.7151522854999194,0.6621502873891326,0.0,0.0,0.01,0.1,0.01,0.0001,4
10,True,1.5762615998052887,1.6006741800615232,1.2455069523088766,,0.5987523624899327,,0.9999999663931236,0.9302857672562513,0.0,0.0,0.01,0.1,0.01,0.0001,4
11,True,2.6160626920062913,2.5729454362427067,6.136764146389289e-09,,0.3303327795521754,,1.0,0.9990000009246511,0.0,0.0,0.01,0.1,0.01,0.0001,4
12,True,3.1165651973790514,3.201385645304986,0.2049957544143247,,0.14021998729190202,,0.6182692598549732,0.6157230931009099,0.0,0.0,0.01,0.1,0.01,0.0001,4
13,True,2.0971645912542716,2.256601485250855,0.357341444464393,,1.9383761372154764,,0.9786397068023717,0.9401977626998147,0.0,0.0,0.01,0.1,0.01,0.0001,4
14,True,1.969938608749103,1.8971218005340544,0.35465367748588894,,2.228624146236454,,1.0,0.9999971882341602,0.0,0.0,20.0,0.1,2.0,0.0005398777715122647,1
15,True,1.983884043893026,1.798013094271886,1.3635384058022289e-11,,4.8738450929681205,,0.8846687112261684,0.7611682545280563,0.0,0.0,0.01,0.1,0.01,0.0001,4
16,True,2.3052963729991798,2.2187473931267543,2.9264396487493907e-07,,10.0,,0.8159185375000241,0.8365107533590055,0.0,0.0,0.01,0.1,0.01,0.0001,4
17,True,2.6637177892004114,2.6127271371785863,0.5004629361755485,,0.2195398541782773,,0.4575139413118394,0.4843756178530975,0.0,0.0,0.01,0.1,0.01,0.0001,4
18,True,2.1811254453257067,2.6299626567479657,0.3703330966749162,,0.7925497559564971,,0.7061191863424968,0.3939321561706964,0.0,0.0,20.0,0.1,11.541660555417154,0.00040759398581776134,1
19,True,2.241045031101897,1.9418979913182852,0.21921906097452848,,1.1832631722806601,,0.6781393849073604,0.7323655925268496,0.0,0.0,9.525500535122163,0.45303075936099946,12.495913035147646,0.0001,4
20,True,2.296051822957738,2.59097993768991,0.7744614145500645,,0.2626003895531617,,0.9216837472840457,0.8792213433364322,0.0,0.0,0.01,0.1,0.01,0.0001,4
21,True,1.4152758287271856,1.3618646693949512,0.6131728156602897,,0.8228100043429618,,0.9999999450865381,0.981043078306427,0.0,0.0,0.01,0.1,0.01,0.0001,4
22,True,2.6423058554422907,2.8128378178122313,1.3217720748662028e-08,,0.19448985442713176,,0.7394910880231961,0.7766840438222722,0.0,0.0,0.01,0.1,0.01,0.0001,4
23,True,2.3938884017041286,2.431104453433969,0.19083923059234173,,1.027068949649828,,0.9697624107722823,0.9999999721516918,0.0,0.0,20.0,0.1,4.368192555343862,0.0001678754290793799,1
24,True,2.28130113046371,2.3668827686073923,0.00010005706648534229,,0.38649278981376356,,0.7848161627781975,0.7432511067867841,0.0,0.0,0.01,0.1,0.01,0.0001,4
25,True,2.4285513526857914,2.764625236253802,0.032558278544515186,,0.772102446317827,,0.6902158027651776,0.741673783926497,0.0,0.0,12.568612375792664,5.0,4.33980330461171,0.0001,1
26,True,2.789310242608484,2.731488027842287,0.2708395150860222,,0.551276833866534,,0.5452630378143277,0.4490285740347236,0.0,0.0,0.01,0.1,0.01,0.0001,4
27,True,1.5623837507158196,1.961248119009482,1.6018452951311202,,0.34683841741467186,,0.671422206175452,0.6949950823246102,0.0,0.0,0.01,0.1,0.01,0.0001,4
28,True,2.61190714750525,3.0388658959682475,0.5226807431924815,,0.33199023745189393,,0.407922838728857,0.4667338230911171,0.0,0.0,0.01,0.9075727441151829,16.36234830343011,0.0001,4
29,True,2.193631316576235,2.5723591234504,0.2998752845110067,,1.3021972037465228,,1.0,0.999999992470867,0.0,0.0,0.01570859149017462,5.0,12.247151536771982,0.010087691414309942,3
30,True,1.862301415755368,1.8130118744040093,0.36014635334726514,,9.945437888821662,,0.8946050768881171,0.7872684664615645,0.0,0.0,3.8898786421790317,0.1,2.2005116304753765,0.009483792148660025,1
31,True,2.228344934603521,1.992548532399583,0.11223098549379333,,1.5421471439662626,,0.6252140720962707,0.6428894630675267,0.0,0.0,11.798639432708551,0.1,19.67677137623812,0.0001,1
32,True,1.6557426264555888,1.5649253567944752,0.4694774037252855,,5.387250997373907,,0.9999999637768289,0.99999999306206,0.0,0.0,1.3373833260601506,0.1,10.855699004061208,0.05626665855448938,1
33,True,1.5574192410703105,1.6126693001808734,1.6452916927868564,,6.363789351114196,,0.7727176245027886,0.7621583569092354,0.0,0.0,6.408753280943417,0.8280085134687,1.208739483039032,0.0008032310776703893,4
34,True,1.9845677993137059,2.213125954103081,0.5895574273601691,,0.508113755906514,,0.8483411573215603,0.8428110404551865,0.0,0.0,19.688669528164315,5.0,13.558538218128747,0.0001,1
35,True,2.0950639983212387,2.1282183634121163,0.45006534742745974,,10.0,,0.987887930201075,0.9999999907819889,0.0,0.0,4.514067714113268,0.8790813247862888,20.0,0.0010454162287918847,4
36,True,2.1805068243759984,2.3918668983440647,0.18878085170100797,,2.0660357540682925,,0.7516309592532572,0.7233106834677661,0.0,0.0,0.01,0.1,0.01,0.0001,4
37,True,1.7453633947212503,1.7963733373408195,0.7836414846542024,,0.7820769317272933,,0.8911770359526666,0.9252866840897683,0.0,0.0,0.3637922238283419,0.1,1.2979976134018567,0.9999,1
38,True,1.8095468133120858,1.8080377075196163,0.3302396588436205,,3.7934322469476465,,0.9271724493971911,0.963227463126787,0.0,0.0,0.01,0.1,0.01,0.0001,4
39,True,2.2678069762638917,2.5670309974593057,1.5937869421083669e-10,,0.8308926077809122,,0.6575345700562487,0.6785291589056621,0.0,0.0,0.01,0.1,0.01,0.0001,4
40,True,2.03273718324975,2.18422052048156,0.1649710297344302,,10.0,,1.0,0.9999993819798023,0.0,0.0,0.8546466399957227,0.1,18.839001134519307,0.6043191976069194,1
41,True,2.8073159182617187,2.684152440652545,0.42108246880643696,,0.08792188011313996,,0.5325208464201626,0.6217675677180867,0.0,0.0,0.01,0.1,0.01,0.0001,4
42,True,2.2333774745769817,2.2384606435921786,0.3334787183724096,,0.367313049053393,,0.7843537831342783,0.7640504459745701,0.0,0.0,0.01,0.1,0.01,0.0001,4
43,True,3.273030688470549,3.417457452537648,0.07652501442371583,,0.0948195576523153,,0.6765958602311154,0.5753930511569407,0.0,0.0,0.01,0.1,0.01,0.0001,4
44,True,2.0399878872291035,2.2422650766293204,0.10571695397373797,,7.0812727311748125,,0.9999947584820662,0.9999999860644295,0.0,0.0,0.01,0.1,8.254092390233668,0.0001,4
45,True,1.6161620133609094,1.6794070320871133,0.32832143959058263,,6.181985224786908,,0.9468662333884789,0.9593464875860622,0.0,0.0,0.9397107447988559,0.1,15.2753682936405,0.33427657828854385,1
46,True,2.6981410259460676,2.6213158372356133,0.04613633701093196,,0.9583322590535639,,1.0,0.8433267031384027,0.0,0.0,0.01,0.1,1.3387340043430676,0.00046162048682255545,1
47,True,1.9973840228310742,1.780405477830948,0.1983163807101701,,0.5872623799670575,,1.0,0.9999999762318551,0.0,0.0,0.01,0.1,17.17124905857259,0.0001,4
48,True,2.2417255383238635,2.0530552549371186,3.43067113563108e-07,0.11731059477931163,1.590834332715171,,1.0,1.0,1.0,1.0,2.05313926420569,0.11730390570209208,1.7194395071105417,0.9999,1
49,True,2.4001255245666564,2.2686367372582907,0.1924248722782424,0.1796318621240792,6.860803118671561,,0.6792028267724519,0.7345730968515971,1.0,1.0,2.268634015499619,0.17963333212210783,12.525277271855291,0.7345738888456975,1
50,True,2.3282585227037416,2.1075639957338472,0.36351546807090473,0.8844575878090587,0.23777680712129468,,0.3981119794066902,0.3573172222299736,1.0,1.0,2.1075633638262956,0.8844575812248289,10.962610159082658,0.3573173712149972,1
51,True,2.829345035159296,2.8949375994879794,0.3803371069313866,0.22215910460601715,0.31964491467257,,0.7052948321026663,0.670814722797573,1.0,1.0,2.8949372054497347,0.2221592431271058,5.105583621943014,0.6708147788914363,1
52,True,2.687187094467849,2.659923002661659,0.00010000526225616115,0.00010933916017157744,0.3125951575803118,,0.795505045598826,0.8281951409060161,1.0,1.0,2.5800135302693383,0.1,10.395676148006672,0.8290100829424647,1
53,True,2.170234578801411,1.9067897682469686,0.018523047480433912,0.5219458301454397,1.0016749722118967,,1.0,0.8905852863647223,1.0,1.0,1.9067892886210118,0.521947155353541,6.033311867652996,0.8905853991559893,1
54,True,2.147112405988379,2.1346377310238394,4.3351377949914345e-10,9.99990664592398e-05,1.1479126604699599,,0.6833218243783534,0.6290303993633397,1.0,1.0,2.0855266595350272,0.1,2.5801502782881656,0.619902514931999,1
55,True,2.1558699380887756,2.047216921430355,0.10203835150002982,0.22693649303358998,1.9289133507545393,,1.0,1.0,1.0,1.0,2.047296921920338,0.22693366519993566,4.375054357864031,0.9999,1
56,True,2.977113246769746,2.829285985739272,9.094471648520185e-05,0.06085979470655862,0.35252472838993076,,0.7663186421913827,0.6741567126944688,1.0,1.0,2.7983310780232498,0.1,19.61621334470782,0.673659446262458,1
57,True,2.7557329144037097,3.0598870326662184,0.542133683752227,0.30381964733997735,0.4500577998164543,,0.7151522854999194,0.7225859917291194,1.0,1.0,3.059886732297631,0.3038196971629368,1.4299577456073278,0.7225860433514195,1
58,True,1.5762615998052887,1.5521037490478369,1.2455069523088766,1.4171132351370246,0.5987523624899327,,0.9999999663931236,0.9309923496114069,1.0,1.0,1.5521036444282157,1.4171135764423697,4.869398128622664,0.9309923062915116,1
59,True,2.6160626920062913,2.621205701455858,6.136764146389289e-09,0.09003549406108147,0.3303327795521754,,1.0,1.0,1.0,1.0,2.6135341588760315,0.1,2.0,0.9999,1
60,True,3.1165651973790514,2.887716429233728,0.2049957544143247,0.8159558700198198,0.14021998729190202,,0.6182692598549732,0.585240433289331,1.0,1.0,2.887716237210093,0.8159557846816425,19.830802862477743,0.5852404251110476,1
61,True,2.0971645912542716,2.5121529048767686,0.357341444464393,0.4256522695408641,1.9383761372154764,,0.9786397068023717,0.8491771445240165,1.0,1.0,2.512152663162918,0.4256525276678238,13.42615063897629,0.8491772110533435,1
62,True,1.969938608749103,2.0260714692714297,0.35465367748588894,0.4575873359841276,2.228624146236454,,1.0,0.855523855819356,1.0,1.0,2.0260710875724897,0.45758772305904954,0.43298776951544904,0.8555240678931559,1
63,True,1.983884043893026,1.909413004669034,1.3635384058022289e-11,0.40369353931838564,4.8738450929681205,,0.8846687112261684,0.7331299965502053,1.0,1.0,1.909413018165239,0.4036940649611403,3.9417806531012975,0.733129711586503,1
64,True,2.3052963729991798,2.31839533357678,2.9264396487493907e-07,0.14651292607381314,10.0,,0.8159185375000241,0.8530323311636454,1.0,1.0,2.31839517793462,0.14651308776212194,10.104004776208097,0.853032337291714,1
65,True,2.6637177892004114,2.501604572428384,0.5004629361755485,0.2523543004924764,0.2195398541782773,,0.4575139413118394,0.6055804263868894,1.0,1.0,2.501604120156302,0.2523542422147449,0.524166434037836,0.6055805801155764,1
66,True,2.1811254453257067,2.374525673805755,0.3703330966749162,0.27445360037350736,0.7925497559564971,,0.7061191863424968,0.6717768078761972,1.0,1.0,2.3745255113232746,0.27445348682992304,1.4679661768233563,0.671776930035687,1
67,True,2.241045031101897,2.569664487059362,0.21921906097452848,0.23077996299284603,1.1832631722806601,,0.6781393849073604,0.5321157757407762,1.0,1.0,2.569668339142317,0.23077864588791372,10.284560865875937,0.5321157917176004,1
68,True,2.296051822957738,2.4354528966729667,0.7744614145500645,0.7731536453715662,0.2626003895531617,,0.9216837472840457,0.9909041974816719,1.0,1.0,2.4354528340946904,0.7731536064723673,14.983768218236762,0.9909043047027088,1
69,True,1.4152758287271856,1.3703703046889646,0.6131728156602897,0.8143714356800322,0.8228100043429618,,0.9999999450865381,0.9999999923620152,1.0,1.0,1.3704112749683595,0.814399796007575,2.0,0.9999,1
70,True,2.6423058554422907,2.0625330321706543,1.3217720748662028e-08,0.25288754794699514,0.19448985442713176,,0.7394910880231961,0.9181128066369163,1.0,1.0,2.062532836313857,0.25288760651601866,14.346162711440444,0.9181130144208877,1
71,True,2.3938884017041286,2.545814243187362,0.19083923059234173,0.13531415752968098,1.027068949649828,,0.9697624107722823,1.0,1.0,1.0,2.5458986590588766,0.13531760713326857,15.22212130942124,0.9999,1
72,True,2.28130113046371,2.341731091455681,0.00010005706648534229,0.00010000178005548107,0.38649278981376356,,0.7848161627781975,0.6346610960768061,1.0,1.0,2.28170148717405,0.1,1.0472979430282139,0.6308944270871121,1
73,True,2.4285513526857914,2.5553398295889513,0.032558278544515186,1.2120065357031224e-08,0.772102446317827,,0.6902158027651776,0.7103982234720553,1.0,1.0,2.490483176546125,0.1,15.447107178304629,0.7014496619302971,1
74,True,2.789310242608484,2.4763926307675956,0.2708395150860222,0.5601740498672984,0.551276833866534,,0.5452630378143277,0.5182838050118302,1.0,1.0,2.4763922639260603,0.5601741897398828,14.97002657705658,0.5182839210040802,1
75,True,1.5623837507158196,1.2733060061517274,1.6018452951311202,2.5976273642723915,0.34683841741467186,,0.671422206175452,0.576847254374446,1.0,1.0,1.2733062407060132,2.5976267362851586,2.0,0.5768470723541077,1
76,True,2.61190714750525,2.72392973432946,0.5226807431924815,0.5383644667756483,0.33199023745189393,,0.407922838728857,0.36301428361191446,1.0,1.0,2.7239297394269317,0.538364234513319,13.65117083194953,0.3630143172686368,1
77,True,2.193631316576235,2.187638371258513,0.2998752845110067,0.14066727470462162,1.3021972037465228,,1.0,1.0,1.0,1.0,2.1877184785992356,0.14066584159088746,14.146551102893126,0.9999,1
78,True,1.862301415755368,2.2522566271587943,0.36014635334726514,0.18342276573970984,9.945437888821662,,0.8946050768881171,0.7480052889727166,1.0,1.0,2.252256082923728,0.18342348186470753,4.972717972103443,0.7480055769067094,1
79,True,2.228344934603521,2.6706770093115866,0.11223098549379333,0.3276957109187971,1.5421471439662626,,0.6252140720962707,0.4484748844842918,1.0,1.0,2.6706765040165372,0.32769584366669596,17.525910247787646,0.44847496730999137,1
80,True,1.6557426264555888,1.8025602413639354,0.4694774037252855,0.3491965343409944,5.387250997373907,,0.9999999637768289,0.9999999974376712,1.0,1.0,1.8026373653978238,0.34918783731524805,6.048819811994405,0.9999,1
81,True,1.5574192410703105,1.9730527394043629,1.6452916927868564,0.5549707481926132,6.363789351114196,,0.7727176245027886,0.7385245183237286,1.0,1.0,1.9730525648806265,0.5549708600671306,1.9564876118585142,0.7385246327296356,1
82,True,1.9845677993137059,2.1530647053492493,0.5895574273601691,0.2468837021063155,0.508113755906514,,0.8483411573215603,0.9086000441614704,1.0,1.0,2.153063971364475,0.24688415246730275,15.197549654589311,0.9086004552827825,1
83,True,2.0950639983212387,2.0264844117709737,0.45006534742745974,0.27389745901347395,10.0,,0.987887930201075,1.0,1.0,1.0,2.0265578434545044,0.2738936413063103,2.0,0.9999,1
84,True,2.1805068243759984,2.225691590981218,0.18878085170100797,0.16430746660919038,2.0660357540682925,,0.7516309592532572,0.999999999998989,1.0,1.0,2.225764257540964,0.16432955740048685,5.664216228708985,0.9999,1
85,True,1.7453633947212503,1.8328687246768165,0.7836414846542024,0.5283405296877672,0.7820769317272933,,0.8911770359526666,0.917764289166812,1.0,1.0,1.8328683154961802,0.528340730614096,9.263480720991305,0.9177644198599221,1
86,True,1.8095468133120858,1.869708197893786,0.3302396588436205,0.33378439800744564,3.7934322469476465,,0.9271724493971911,0.9760826990990784,1.0,1.0,1.8697084957104195,0.3337850597956823,5.495296612955563,0.9760818627864692,1
87,True,2.2678069762638917,2.464890939368857,1.5937869421083669e-10,6.124635650070855e-09,0.8308926077809122,,0.6575345700562487,0.5389242099995181,1.0,1.0,2.388823850509903,0.1,2.0,0.5318768564614879,1
88,True,2.03273718324975,2.51427447578824,0.1649710297344302,9.99997049762094e-05,10.0,,1.0,0.7912594180190037,1.0,1.0,2.4377915922317595,0.1,13.537848766820998,0.7933923260077428,1
89,True,2.8073159182617187,2.9130632515403607,0.42108246880643696,0.7443917112980387,0.08792188011313996,,0.5325208464201626,0.46147614687501,1.0,1.0,2.913063013987647,0.7443919713152106,14.97466808736982,0.4614761409877206,1
90,True,2.2333774745769817,2.133582958783064,0.3334787183724096,0.556887870777183,0.367313049053393,,0.7843537831342783,0.7727462733285754,1.0,1.0,2.133582728982168,0.556888068911929,16.749572317593817,0.7727463868836788,1
91,True,3.273030688470549,3.665245236462489,0.07652501442371583,0.0001000005874659698,0.0948195576523153,,0.6765958602311154,0.6415865274008603,1.0,1.0,3.532574355889291,0.1,2.0,0.6464094576961801,1
92,True,2.0399878872291035,2.1870145297821764,0.10571695397373797,0.00010002794168542226,7.0812727311748125,,0.9999947584820662,0.9999999987180397,1.0,1.0,2.124643045971272,0.1,7.012912346965612,0.9999,1
93,True,1.6161620133609094,1.6796903407709796,0.32832143959058263,0.12577402194946447,6.181985224786908,,0.9468662333884789,0.9999999348741044,1.0,1.0,1.679772582632661,0.1257705235909611,2.0,0.9999,1
94,True,2.6981410259460676,2.587026803117256,0.04613633701093196,0.13834598616149626,0.9583322590535639,,1.0,0.9999999999992837,1.0,1.0,2.58710757415404,0.1383610902373548,10.258261002691928,0.9999,1
95,True,1.9973840228310742,1.9464482243593237,0.1983163807101701,0.27121656508522823,0.5872623799670575,,1.0,0.9496804906088009,1.0,1.0,1.946446784287903,0.2712168038420177,11.142262028762488,0.9496818351581751,1
96,True,2.2417255383238635,2.1882091190617086,3.43067113563108e-07,0.18383347262339295,1.590834332715171,1.0169756200448496,1.0,1.0,2.0,2.0,2.1882626416392794,0.18384014362445744,1.0170433569221569,0.9999,2
97,True,2.4001255245666564,2.2480185102213963,0.1924248722782424,0.3437383154445321,6.860803118671561,6.34570609927179,0.6792028267724519,0.7026867959330023,2.0,2.0,2.2480189574097977,0.34373748902235585,6.345907265016256,0.7026864692466114,2
98,True,2.3282585227037416,2.232689137505208,0.36351546807090473,0.4967948579922457,0.23777680712129468,0.5044779780763976,0.3981119794066902,0.4219193713686452,2.0,2.0,2.2326892307582336,0.4967948614333379,0.5044773909203412,0.42191939540089207,2
99,True,2.829345035159296,3.110388223838679,0.3803371069313866,0.4325169758574679,0.31964491467257,0.34322089396381433,0.7052948321026663,0.6132214857436149,2.0,2.0,3.1103880941436723,0.432517002525206,0.3432210050916837,0.6132215411179831,2
100,True,2.687187094467849,2.6141352792101356,0.00010000526225616115,5.547743089416518e-09,0.3125951575803118,0.4966589923506537,0.795505045598826,0.7171447483951625,2.0,2.0,2.505835537316846,0.1,0.5768883567667423,0.7082909907723278,2
101,True,2.170234578801411,2.3760278634711427,0.018523047480433912,1.8427911589538067e-08,1.0016749722118967,1.4541979708051715,1.0,0.7666180803174419,2.0,2.0,2.3062442889546997,0.1,1.501204420396942,0.752791300478244,2
102,True,2.147112405988379,2.627003686149427,4.3351377949914345e-10,0.051700694125597475,1.1479126604699599,1.3153656627525556,0.6833218243783534,0.48760370647971407,2.0,2.0,2.5919306456497733,0.1,1.2974422990951482,0.4851091922563316,2
103,True,2.1558699380887756,1.9945258908952743,0.10203835150002982,0.1002331429957779,1.9289133507545393,10.0,1.0,1.0,2.0,2.0,1.9951577378473513,0.10065970113242292,20.0,0.9999,2
104,True,2.977113246769746,2.6237475157198094,9.094471648520185e-05,5.035033461027664e-09,0.35252472838993076,0.4773303988102292,0.7663186421913827,0.927975672885288,2.0,2.0,2.5237082496978465,0.1,0.5156311326547697,0.9270243369464484,2
105,True,2.7557329144037097,2.802313193919423,0.542133683752227,0.544524004604805,0.4500577998164543,0.31852390515670376,0.7151522854999194,0.705166111935673,2.0,2.0,2.8023130858161998,0.5445240619551717,0.3185241280937698,0.705166141553358,2
106,True,1.5762615998052887,1.621817701275138,1.2455069523088766,1.0906572913849713,0.5987523624899327,1.089397437700525,0.9999999663931236,0.9999999990000532,2.0,2.0,1.621871826548059,1.0906332389066862,1.089427717677239,0.9999,2
107,True,2.6160626920062913,2.3072838978674124,6.136764146389289e-09,0.18199490581410377,0.3303327795521754,0.5507043298446845,1.0,0.9999999999999998,2.0,2.0,2.3073461039423195,0.18199806729224074,0.5506864056334984,0.9999,2
108,True,3.1165651973790514,3.1579039454271083,0.2049957544143247,0.23001674716527434,0.14021998729190202,0.15874884221107138,0.6182692598549732,0.5585691724309962,2.0,2.0,3.1579037575729325,0.23001682549054872,0.15874886917726244,0.5585691476002855,2
109,True,2.0971645912542716,2.098469229827495,0.357341444464393,0.5164410397700013,1.9383761372154764,0.695088198281671,0.9786397068023717,0.9999999982940437,2.0,2.0,2.09852890395781,0.5164368945167581,0.6951065460588576,0.9999,2
110,True,1.969938608749103,1.9933776901477467,0.35465367748588894,0.40273861100801117,2.228624146236454,2.1615962507645916,1.0,1.0,2.0,2.0,1.993437606330772,0.4027331144697806,2.161402836537384,0.9999,2
111,True,1.983884043893026,2.1311076537898437,1.3635384058022289e-11,0.10464297822548158,4.8738450929681205,1.5438455377606333,0.8846687112261684,0.7561294308688106,2.0,2.0,2.1272425791522718,0.1,18.12429989787867,0.7371198357127872,2
112,True,2.3052963729991798,2.1927595787763123,2.9264396487493907e-07,0.1357532636005384,10.0,1.1029882506591913,0.8159185375000241,0.8279135676581265,2.0,2.0,2.1927601324889014,0.13575277957658113,1.1029887070193996,0.8279135202582538,2
113,True,2.6637177892004114,2.8767597976695503,0.5004629361755485,0.5663251577810222,0.2195398541782773,0.30161970184874337,0.4575139413118394,0.3287301949905862,2.0,2.0,2.8767606036248163,0.5663252681446361,0.3016192896894771,0.3287299173654363,2
114,True,2.1811254453257067,3.1557354077430886,0.3703330966749162,0.20619191569609957,0.7925497559564971,1.1444940286364067,0.7061191863424968,0.4043461657536457,2.0,2.0,3.155735942689448,0.20619190532250103,1.144492978086112,0.4043460135946817,2
115,True,2.241045031101897,1.9087359498375478,0.21921906097452848,0.3479250839860497,1.1832631722806601,1.152293742241173,0.6781393849073604,0.988552968614,2.0,2.0,1.9087359429996233,0.3479248299760045,1.152293170799649,0.9885532289688947,2
116,True,2.296051822957738,2.347024002588653,0.7744614145500645,0.8860357197727134,0.2626003895531617,0.2577187892751741,0.9216837472840457,0.9762169927454926,2.0,2.0,2.347023015755157,0.8860358206922007,0.25771845578479874,0.976218066087651,2
117,True,1.4152758287271856,1.6668670800105212,0.6131728156602897,0.659200803537334,0.8228100043429618,0.22624830410494973,0.9999999450865381,0.9999999968661706,2.0,2.0,1.6669381129647833,0.6591731270401302,0.22624093205253074,0.9999,2
118,True,2.6423058554422907,2.6093341481599954,1.3217720748662028e-08,1.4117276105723874e-09,0.19448985442713176,0.4300272341379946,0.7394910880231961,0.6141198194458026,2.0,2.0,2.5065376051281234,0.1,0.46192307269765537,0.6076258652897292,2
119,True,2.3938884017041286,2.2383346515176936,0.19083923059234173,0.14503904684908286,1.027068949649828,1.5629758264142697,0.9697624107722823,1.0,2.0,2.0,2.2383912259198637,0.14504148008098966,1.563062174188946,0.9999,2
120,True,2.28130113046371,2.4160635450143837,0.00010005706648534229,1.0729203610124366e-09,0.38649278981376356,0.20815084249573385,0.7848161627781975,0.868142822240923,2.0,2.0,2.3356766166649545,0.1,0.21678996045836632,0.8535040169050737,2
121,True,2.4285513526857914,2.2622288924930687,0.032558278544515186,0.1498615783677499,0.772102446317827,0.47510230154195543,0.6902158027651776,0.7119468940102094,2.0,2.0,2.2622275952374933,0.14986215142975828,0.4751026903744514,0.7119484374122923,2
122,True,2.789310242608484,3.097769812174158,0.2708395150860222,0.07175211744788726,0.551276833866534,0.3569127910481854,0.5452630378143277,0.55985723455463,2.0,2.0,3.080253000950244,0.1,0.3633679195571534,0.5530931235739496,2
123,True,1.5623837507158196,1.5796467477736351,1.6018452951311202,1.174861848596186,0.34683841741467186,0.5311302996350733,0.671422206175452,0.6363659738592226,2.0,2.0,1.579646348564322,1.1748625095326581,0.5311304514569276,0.6363661993987798,2
124,True,2.61190714750525,2.894119568467685,0.5226807431924815,0.292878248504038,0.33199023745189393,0.21312176315326906,0.407922838728857,0.4240929430683178,2.0,2.0,2.8941122483160573,0.2928805479855266,0.21312200243113874,0.42409368977503076,2
125,True,2.193631316576235,2.50702038587745,0.2998752845110067,0.18770383528538204,1.3021972037465228,0.6024374650339893,1.0,0.8716742212297877,2.0,2.0,2.50701986783253,0.18770393954095882,0.6024375000481506,0.8716744974004255,2
126,True,1.862301415755368,1.9525245418381303,0.36014635334726514,0.13445234720779797,9.945437888821662,7.8567448427157185,0.8946050768881171,0.9062514647000998,2.0,2.0,1.9525207284887485,0.13445488719315118,7.8566961678372715,0.9062549225148329,2
127,True,2.228344934603521,2.3008918515690717,0.11223098549379333,0.2200177867040593,1.5421471439662626,1.1709758564747172,0.6252140720962707,0.6695097440117022,2.0,2.0,2.300891700821879,0.2200179297038446,1.1709765469496853,0.6695096110201044,2
128,True,1.6557426264555888,1.6206575988276732,0.4694774037252855,0.557813118876652,5.387250997373907,6.694377341541462,0.9999999637768289,0.9999999978493415,2.0,2.0,1.6207065567334737,0.5578178169625891,6.694889539960684,0.9999,2
129,True,1.5574192410703105,1.5433716224147769,1.6452916927868564,1.8059106783992123,6.363789351114196,4.115391346015849,0.7727176245027886,0.9408275923726479,2.0,2.0,1.5433717250065209,1.80591046524998,4.11540741087534,0.9408272997160785,2
130,True,1.9845677993137059,1.6926770323377143,0.5895574273601691,1.1605011306757138,0.508113755906514,0.4747651183087789,0.8483411573215603,0.9999999776233158,2.0,2.0,1.692743882774586,1.160475113650954,0.47475465581505766,0.9999,2
131,True,2.0950639983212387,2.1773002276245856,0.45006534742745974,0.6772098874720167,10.0,9.999995607483852,0.987887930201075,0.9185862083352786,2.0,2.0,2.2403850215511993,0.7251591998344694,20.0,0.8463296673157887,2
132,True,2.1805068243759984,1.855324822765475,0.18878085170100797,0.25691230062552706,2.0660357540682925,2.268817410668741,0.7516309592532572,0.8661191208076958,2.0,2.0,1.855319667189583,0.25691303692328654,2.268866129620262,0.8661247013722284,2
133,True,1.7453633947212503,1.6684043783965656,0.7836414846542024,1.0370033144234605,0.7820769317272933,0.37061222809960104,0.8911770359526666,0.9999999947701219,2.0,2.0,1.6684563591940906,1.0370223298018546,0.37060109123611207,0.9999,2
134,True,1.8095468133120858,2.082349309526738,0.3302396588436205,0.10760940169111381,3.7934322469476465,9.208776611018404,0.9271724493971911,0.9999999999996034,2.0,2.0,2.082403308347805,0.1076050769160103,9.209237647246596,0.9999,2
135,True,2.2678069762638917,2.1539808784034453,1.5937869421083669e-10,0.0312439646630202,0.8308926077809122,0.4397388159895095,0.6575345700562487,0.8065833031727465,2.0,2.0,2.1148033210549375,0.1,0.43574586343696414,0.8026500934490987,2
136,True,2.03273718324975,2.0935721967062406,0.1649710297344302,0.11877604696292779,10.0,10.0,1.0,1.0,2.0,2.0,2.088183680488706,0.13508036749627134,20.0,0.9999,2
137,True,2.8073159182617187,2.8759060578969367,0.42108246880643696,0.7153041914175101,0.08792188011313996,0.11186235431076008,0.5325208464201626,0.465554000717203,2.0,2.0,2.875905965747892,0.7153041078718113,0.11186235801715409,0.4655540673640018,2
138,True,2.2333774745769817,2.2608282273501303,0.3334787183724096,0.5275210045281533,0.367313049053393,0.36893031071624194,0.7843537831342783,0.6399269876844129,2.0,2.0,2.2608276867640935,0.5275207687885974,0.3689298417335407,0.6399276827833216,2
139,True,3.273030688470549,3.029773553589219,0.07652501442371583,0.07780778890944037,0.0948195576523153,0.11146024726312292,0.6765958602311154,0.8228698173321194,2.0,2.0,3.003999571208807,0.1,0.11278776345763397,0.820926381738964,2
140,True,2.0399878872291035,1.895064544877294,0.10571695397373797,0.4888877614279915,7.0812727311748125,7.591524196832875,0.9999947584820662,1.0,2.0,2.0,1.895121361288375,0.48887405727426386,7.5913358840086245,0.9999,2
141,True,1.6161620133609094,1.716694018400689,0.32832143959058263,0.17404725761067222,6.181985224786908,3.406912076984683,0.9468662333884789,0.9999999830023133,2.0,2.0,1.716738771255827,0.17404220765453016,3.4073236050155784,0.9999,2
142,True,2.6981410259460676,2.9020930579581177,0.04613633701093196,4.696543990819804e-09,0.9583322590535639,0.976715604045733,1.0,1.0,2.0,2.0,2.7897414704156267,0.1,1.0220215157302994,0.9999,2
143,True,1.9973840228310742,2.138000971603822,0.1983163807101701,0.341819825727047,0.5872623799670575,0.8262129698199361,1.0,0.7814418950060745,2.0,2.0,2.1380000555610033,0.34181998626243437,0.8262164734805221,0.7814419080567224,2
144,True,2.2417255383238635,2.2350036747566224,3.43067113563108e-07,0.24395900591994252,1.590834332715171,1.701575851023578,1.0,1.0,3.0,3.0,2.235054253478818,0.24395461117224038,1.7016955037895851,0.9999,3
145,True,2.4001255245666564,2.2579981532443316,0.1924248722782424,0.21078630019744776,6.860803118671561,7.178263658164191,0.6792028267724519,0.7767039195694925,3.0,3.0,2.2555158731650518,0.2017576988654012,9.209445760578655,0.7875970190794453,4
146,True,2.3282585227037416,1.8936885532783208,0.36351546807090473,0.4829488686846508,0.23777680712129468,0.06832044031897873,0.3981119794066902,0.9999999351363127,3.0,3.0,2.8838036787493904,0.5627910629413221,0.6009351844112552,0.11998062897615572,4
147,True,2.829345035159296,3.058428261527236,0.3803371069313866,0.4540115772798732,0.31964491467257,0.23725207448006846,0.7052948321026663,0.6011761515083399,3.0,3.0,3.058421073169462,0.45401240608430943,0.23725560181370486,0.6011768202632035,3
148,True,2.687187094467849,2.7685292740687504,0.00010000526225616115,2.0198653216816394e-10,0.3125951575803118,0.4390066376522734,0.795505045598826,0.817184488413554,3.0,3.0,2.636637709891599,0.1,0.4623191589696722,0.824677937724494,3
149,True,2.170234578801411,2.1421111071759182,0.018523047480433912,1.940289328811391e-10,1.0016749722118967,1.5702783406075038,1.0,1.0,3.0,3.0,2.0833418093027856,0.1,1.6236583840432894,0.9999,4
150,True,2.147112405988379,2.2098022216315045,4.3351377949914345e-10,1.1080249138628156e-11,1.1479126604699599,1.6079091299481987,0.6833218243783534,0.4990679845266687,3.0,3.0,2.160495173253107,0.1,1.977161091099701,0.4437024125365024,3
151,True,2.1558699380887756,2.228424536926929,0.10203835150002982,0.08199965228425737,1.9289133507545393,1.3085861159162766,1.0,1.0,3.0,3.0,2.215283698051033,0.1,1.3112633904908564,0.9999,3
152,True,2.977113246769746,2.8109561699785433,9.094471648520185e-05,2.511051089516958e-09,0.35252472838993076,0.410780187502383,0.7663186421913827,0.8358790348739469,3.0,3.0,2.6685897836461066,0.1,0.4100263744821783,0.8791423344535558,3
153,True,2.7557329144037097,2.8283764372583993,0.542133683752227,0.5785519478166077,0.4500577998164543,0.46222651431833606,0.7151522854999194,0.6967239335561953,3.0,3.0,2.8283765383445174,0.5785519043732466,0.46222665313512984,0.6967238363443471,3
154,True,1.5762615998052887,1.5756924787036681,1.2455069523088766,1.0371640327824203,0.5987523624899327,9.20741166161045,0.9999999663931236,0.8635647007920134,3.0,3.0,1.5705578294954368,1.0319336153087073,8.996268155907376,0.8778922108388755,4
155,True,2.6160626920062913,2.454649417765175,6.136764146389289e-09,0.03882537726342507,0.3303327795521754,0.9326461985922901,1.0,0.8821235174774016,3.0,3.0,2.2834597084520243,0.1,20.0,0.9999,4
156,True,3.1165651973790514,3.159251626663335,0.2049957544143247,0.15064469636016312,0.14021998729190202,0.12473956587152285,0.6182692598549732,0.6542862187169731,3.0,3.0,3.159250060641942,0.15064509507334045,0.12473960390643797,0.6542863937443145,3
157,True,2.0971645912542716,1.9710257258592563,0.357341444464393,0.21581464886323803,1.9383761372154764,10.0,0.9786397068023717,1.0,3.0,3.0,1.9694204661285588,0.22125399280105487,20.0,0.9999,3
158,True,1.969938608749103,2.3235185979917445,0.35465367748588894,0.34323048651375326,2.228624146236454,0.7298450983569361,1.0,0.736936764086856,3.0,3.0,2.3235166397491187,0.3432302268386099,0.7298418047997557,0.7369387547016961,3
159,True,1.983884043893026,2.017243389798994,1.3635384058022289e-11,2.292026388601136e-09,4.8738450929681205,10.0,0.8846687112261684,0.8334300795069054,3.0,3.0,1.9408104593087394,0.1,20.0,0.8178751496240427,3
160,True,2.3052963729991798,1.9068724848453167,2.9264396487493907e-07,0.00010025223792642699,10.0,9.99994246570268,0.8159185375000241,0.9999999999999816,3.0,3.0,1.9929392341037953,0.1,11.487957876960971,0.7549445209826885,3
161,True,2.6637177892004114,2.4603368367607805,0.5004629361755485,0.4191910346033766,0.2195398541782773,0.28073495644981966,0.4575139413118394,0.5099217636994405,3.0,3.0,2.4603364858640706,0.41919046342564065,0.28073522224579295,0.5099218052780656,3
162,True,2.1811254453257067,2.047773037283003,0.3703330966749162,0.35511498048776374,0.7925497559564971,0.8008672876216076,0.7061191863424968,0.8050205872918881,3.0,3.0,2.0477729978527726,0.3551136620125792,0.8008661338687084,0.805021362290829,3
163,True,2.241045031101897,2.420796567493371,0.21921906097452848,0.024864466230212923,1.1832631722806601,1.6942475020085852,0.6781393849073604,0.6554274502626898,3.0,3.0,2.359954658830113,0.1,1.674894203719174,0.6541229236269805,3
164,True,2.296051822957738,2.626277546591103,0.7744614145500645,1.0117619854761517,0.2626003895531617,0.19573639698993323,0.9216837472840457,0.6690586532860214,3.0,3.0,2.6262787552009867,1.0117615614489703,0.19573641375164755,0.6690575470047654,3
165,True,1.4152758287271856,1.1332092194843764,0.6131728156602897,0.9972396599709061,0.8228100043429618,1.8104337473485834,0.9999999450865381,0.8046655811100824,3.0,2.0,1.1332130551378967,0.9972507694083359,1.8104670557369211,0.8046544041981659,2
166,True,2.6423058554422907,2.1875360511924895,1.3217720748662028e-08,0.19790665155880768,0.19448985442713176,0.2362903111318723,0.7394910880231961,1.0,3.0,3.0,2.1876088651657457,0.19789886422344102,0.2362756065661793,0.9999,3
167,True,2.3938884017041286,2.4855217395601197,0.19083923059234173,0.2592154198563967,1.027068949649828,0.49906553015589006,0.9697624107722823,0.9999999999973783,3.0,3.0,2.4855729752596223,0.25921591692243345,0.4990564793002496,0.9999,3
168,True,2.28130113046371,2.0788173359507014,0.00010005706648534229,5.110532320242067e-10,0.38649278981376356,0.4004272799658795,0.7848161627781975,1.0,3.0,3.0,2.018735137886748,0.1,0.3415308575886769,0.9999,3
169,True,2.4285513526857914,2.1727576107121327,0.032558278544515186,0.21378672555703188,0.772102446317827,0.5349567176636276,0.6902158027651776,0.8714494628871503,3.0,3.0,2.1727569134347213,0.21378662924848194,0.5349566449404487,0.8714492667009524,3
170,True,2.789310242608484,2.887996384338142,0.2708395150860222,0.24444949193689738,0.551276833866534,0.4410291147708011,0.5452630378143277,0.4600792089662471,3.0,3.0,2.899464643970544,0.17598356533678167,0.5906776439613973,0.48574302545725767,4
171,True,1.5623837507158196,1.0663855301090652,1.6018452951311202,2.545571879203456,0.34683841741467186,2.4101835666498435,0.671422206175452,0.6617069429608466,3.0,3.0,1.0663851364760983,2.54557171849755,2.41018781793679,0.6617071544355355,3
172,True,2.61190714750525,2.711358099521261,0.5226807431924815,0.7670474173806718,0.33199023745189393,0.2700060502052169,0.407922838728857,0.34014409861672523,3.0,3.0,2.7113542555110417,0.7670484299869589,0.27000587305553964,0.34014477025717743,3
173,True,2.193631316576235,2.22025651316622,0.2998752845110067,0.5298344524228915,1.3021972037465228,0.7960869963072277,1.0,0.9999999998995579,3.0,3.0,2.2203115320671203,0.5298292439527374,0.7960895344019718,0.9999,3
174,True,1.862301415755368,1.9031886847025183,0.36014635334726514,0.2093189059290823,9.945437888821662,4.288722164384718,0.8946050768881171,0.9999999999999996,3.0,3.0,1.9120014618840921,0.23234316234028635,7.496645177520189,0.9999,4
175,True,2.228344934603521,2.552690783680328,0.11223098549379333,8.5598141098086e-12,1.5421471439662626,0.9235780022782264,0.6252140720962707,0.5338023887678158,3.0,3.0,2.433878360361402,0.1,0.9515384532474479,0.5382012032795241,3
176,True,1.6557426264555888,1.8847984234795168,0.4694774037252855,0.6615217154000823,5.387250997373907,6.880117634351998,0.9999999637768289,0.6160924778897757,3.0,3.0,2.0064208669504864,0.5637330878751251,20.0,0.5791838858633598,4
177,True,1.5574192410703105,1.771387277534596,1.6452916927868564,2.464847496012764,6.363789351114196,0.432941181420176,0.7727176245027886,0.4961048705880734,3.0,3.0,1.7713861800508799,2.464852829800158,0.4329389288113974,0.4961046344997611,3
178,True,1.9845677993137059,1.9180535983647686,0.5895574273601691,0.3610154234529989,0.508113755906514,0.47478230241761477,0.8483411573215603,0.9702829951717453,3.0,3.0,1.9180517650947688,0.361014805121539,0.4747814948889232,0.9702857454116425,3
179,True,2.0950639983212387,2.0560975490927587,0.45006534742745974,0.7333178507203325,10.0,9.99999949276344,0.987887930201075,1.0,3.0,3.0,2.05563221720424,0.7329534785601296,20.0,0.9999,3
180,True,2.1805068243759984,2.368620093495806,0.18878085170100797,0.3205344530861952,2.0660357540682925,0.722220321340062,0.7516309592532572,0.7253659584540391,3.0,3.0,2.589521866348308,0.3121531798365534,0.5762490153366109,0.6586270835816139,4
181,True,1.7453633947212503,1.9590183106901427,0.7836414846542024,0.8182597940751092,0.7820769317272933,0.35177918371383055,0.8911770359526666,0.862429190074567,3.0,3.0,2.065606708399028,1.5390645107400445,0.18908682160931914,0.9592927718063372,4
182,True,1.8095468133120858,1.9651889174247157,0.3302396588436205,0.4552552861554417,3.7934322469476465,1.0081549445394435,0.9271724493971911,0.6538113915167582,3.0,3.0,2.0565504384213704,0.28823153887716657,18.156496786028182,0.6103734818347711,4
183,True,2.2678069762638917,2.1728324518960287,1.5937869421083669e-10,5.5659470756497265e-09,0.8308926077809122,0.6305322648951115,0.6575345700562487,0.7229063037725931,3.0,3.0,2.0884018793857004,0.1,0.6342074729218833,0.7269215328643064,3
184,True,2.03273718324975,2.7300846103334493,0.1649710297344302,7.590189325848363e-09,10.0,9.366574208540342,1.0,0.6677728956512745,3.0,3.0,2.619628617407588,0.1,9.5833412259104,0.6729819224961232,3
185,True,2.8073159182617187,2.7987659474490547,0.42108246880643696,0.44293526433749464,0.08792188011313996,0.062116969193179605,0.5325208464201626,0.4971582747748066,3.0,3.0,2.7987638579035434,0.44293581596845055,0.06211676553750359,0.4971587335566435,3
186,True,2.2333774745769817,2.1923917377216418,0.3334787183724096,0.3070959499166355,0.367313049053393,0.4348127655654571,0.7843537831342783,0.8548303439362636,3.0,3.0,2.19239164377403,0.30709653124809067,0.4348130701229708,0.8548297235393273,3
187,True,3.273030688470549,3.126642367599425,0.07652501442371583,0.10313777238322999,0.0948195576523153,0.13240979153432145,0.6765958602311154,0.7487375405506641,3.0,3.0,3.1266390226309917,0.10313878631730748,0.132409965803222,0.7487403149909502,3
188,True,2.0399878872291035,2.11902143002999,0.10571695397373797,0.16059732016147657,7.0812727311748125,10.0,0.9999947584820662,0.9999999999999947,3.0,3.0,2.1535847708202738,0.1254369084123662,10.815667134028605,0.9999,4
189,True,1.6161620133609094,1.790492004441709,0.32832143959058263,0.27796645568734984,6.181985224786908,1.4384503123614447,0.9468662333884789,0.9999975697990642,3.0,3.0,1.7932882466928584,0.2466358901576404,3.2303556420132726,0.9999,4
190,True,2.6981410259460676,2.8694877181874157,0.04613633701093196,0.05408192745071952,0.9583322590535639,0.7811434064498266,1.0,0.8241499326690893,3.0,3.0,2.8206292925100946,0.1,0.7865507136111604,0.8239450509245723,3
191,True,1.9973840228310742,2.082052864599555,0.1983163807101701,0.00010007430321476076,0.5872623799670575,0.79997508108755,1.0,0.9999999984176509,3.0,3.0,2.0601777419291287,0.1,0.6492982448786015,0.9999,4
